{
  "timestamp": "2026-07-08T17:34:33.466914",
  "endpoint": "/api/finance",
  "params": {
    "code": "600519"
  },
  "response": {
    "LiuTongGuBen": 125008.15625,
    "Province": 29,
    "Industry": 37,
    "UpdatedDate": 20260528,
    "IPODate": 20010827,
    "ZongGuBen": 125008.15625,
    "GuoJiaGu": 1215,
    "FaQiRenFaRenGu": 26847476,
    "FaRenGu": 50600960,
    "BGu": 0,
    "HGu": 0,
    "ZhiGongGu": 21.760000228881836,
    "ZongZiChan": 319918848,
    "LiuDongZiChan": 271524512,
    "GuDingZiChan": 22132684,
    "WuXingZiChan": 8611214,
    "GuDongRenShu": 243159,
    "LiuDongFuZhai": 38455596,
    "ChangQiFuZhai": 10241851,
    "ZiBenGongJiJin": 1577,
    "JingZiChan": 270894048,
    "ZhuYingShouRu": 53909248,
    "ZhuYingLiRun": 5520729.5,
    "YingShouZhangKuan": 32344.5,
    "YingYeLiRun": 37537008,
    "TouZiShouYi": 434.5999755859375,
    "JingYingXianJinLiu": 26909892,
    "ZongXianJinLiu": 51543324,
    "CunHuo": 60692316,
    "LiRunZongHe": 37543248,
    "ShuiHouLiRun": 28153830,
    "JingLiRun": 27242512,
    "WeiFenPeiLiRun": 219147664,
    "MeiGuJingZiChan": 216.32200622558594,
    "BaoLiu2": 3
  }
}